mfh_id,official_name,normalized_name,alias_names,alias_pinyin,source_batch,source_year,announcement_no,restriction_note,source_url,status,search_term,herb_id,herb_link,herb_pinyin_name,herb_chinese_name,herb_english_name,herb_latin_name,match_confidence
MFH0001,丁香,丁香,丁香,DING XIANG,2002_base,2002,卫法监发〔2002〕51号,,https://www.nhc.gov.cn/wjw/gfxwj/200203/5e9768a72af64db89acb45fe30a810af.shtml,active,DING XIANG,HERB001309,/Detail/?v=HERB001309&label=Herb,DING XIANG,丁香,Clove,Flos Caryophylli,exact_chinese
MFH0002,八角茴香,八角茴香,八角茴香,BA JIAO HUI XIANG,2002_base,2002,卫法监发〔2002〕51号,,https://www.nhc.gov.cn/wjw/gfxwj/200203/5e9768a72af64db89acb45fe30a810af.shtml,active,BA JIAO HUI XIANG,HERB000137,/Detail/?v=HERB000137&label=Herb,BA JIAO HUI XIANG,八角茴香,Chinese Star Anise,Fructus Anisi Stellati,exact_chinese
MFH0003,刀豆,刀豆,刀豆,DAO DOU,2002_base,2002,卫法监发〔2002〕51号,,https://www.nhc.gov.cn/wjw/gfxwj/200203/5e9768a72af64db89acb45fe30a810af.shtml,active,DAO DOU,HERB001215,/Detail/?v=HERB001215&label=Herb,DAO DOU,刀豆,Jack Bean,Semen Cavaliae,exact_chinese
MFH0004,小茴香,小茴香,小茴香,XIAO HUI XIANG,2002_base,2002,卫法监发〔2002〕51号,,https://www.nhc.gov.cn/wjw/gfxwj/200203/5e9768a72af64db89acb45fe30a810af.shtml,active,XIAO HUI XIANG,HERB006121,/Detail/?v=HERB006121&label=Herb,XIAO HUI XIANG,小茴香,fennel fruit,fructus Foeniculi,exact_chinese
MFH0005,小蓟,小蓟,小蓟,XIAO JI,2002_base,2002,卫法监发〔2002〕51号,,https://www.nhc.gov.cn/wjw/gfxwj/200203/5e9768a72af64db89acb45fe30a810af.shtml,active,XIAO JI,HERB006122,/Detail/?v=HERB006122&label=Herb,XIAO JI,小蓟,Field Thistle Herb,Herba Cirsii;Herba Cirsii segeti,exact_chinese
MFH0006,山药,山药,山药,SHAN YAO,2002_base,2002,卫法监发〔2002〕51号,,https://www.nhc.gov.cn/wjw/gfxwj/200203/5e9768a72af64db89acb45fe30a810af.shtml,active,SHAN YAO,HERB004938,/Detail/?v=HERB004938&label=Herb,SHAN YAO,山药,Common Yam Rhizome,Rhizoma Dioscoreae,exact_chinese
MFH0007,山楂,山楂,山楂,SHAN ZHA,2002_base,2002,卫法监发〔2002〕51号,,https://www.nhc.gov.cn/wjw/gfxwj/200203/5e9768a72af64db89acb45fe30a810af.shtml,active,SHAN ZHA,HERB004945,/Detail/?v=HERB004945&label=Herb,SHAN ZHA,山楂,Chinese Hawthorn Equivalent plant: Crataegus pinna,Crataegus pinnatifida,exact_chinese
MFH0008,马齿苋,马齿苋,马齿苋,MA CHI XIAN,2002_base,2002,卫法监发〔2002〕51号,,https://www.nhc.gov.cn/wjw/gfxwj/200203/5e9768a72af64db89acb45fe30a810af.shtml,active,MA CHI XIAN,HERB003641,/Detail/?v=HERB003641&label=Herb,MA CHI XIAN,马齿苋,all-grass of Purslane,Herba Portulacae,exact_chinese
MFH0009,乌梢蛇,乌梢蛇,乌梢蛇,WU SHAO SHE,2002_base,2002,卫法监发〔2002〕51号,,https://www.nhc.gov.cn/wjw/gfxwj/200203/5e9768a72af64db89acb45fe30a810af.shtml,active,WU SHAO SHE,HERB005750,/Detail/?v=HERB005750&label=Herb,WU SHAO SHE,乌梢蛇,Black-tail Snake,Zaocys,exact_chinese
MFH0010,乌梅,乌梅,乌梅,WU MEI,2002_base,2002,卫法监发〔2002〕51号,,https://www.nhc.gov.cn/wjw/gfxwj/200203/5e9768a72af64db89acb45fe30a810af.shtml,active,WU MEI,HERB005742,/Detail/?v=HERB005742&label=Herb,WU MEI,乌梅,Smoked Plum,Fructus Mume,exact_chinese
MFH0011,木瓜,木瓜,木瓜,MU GUA,2002_base,2002,卫法监发〔2002〕51号,,https://www.nhc.gov.cn/wjw/gfxwj/200203/5e9768a72af64db89acb45fe30a810af.shtml,active,MU GUA,HERB004021,/Detail/?v=HERB004021&label=Herb,MU GUA,木瓜,fruit of Common Floweringquince,Fructus Chaenomelis,exact_chinese
MFH0012,火麻仁,火麻仁,火麻仁,HUO MA REN,2002_base,2002,卫法监发〔2002〕51号,,https://www.nhc.gov.cn/wjw/gfxwj/200203/5e9768a72af64db89acb45fe30a810af.shtml,active,HUO MA REN,HERB002640,/Detail/?v=HERB002640&label=Herb,HUO MA REN,火麻仁,Hemp Seed,Semen Canbis;Fructus Canbis,exact_chinese
MFH0013,代代花,代代花,代代花,DAI DAI HUA,2002_base,2002,卫法监发〔2002〕51号,,https://www.nhc.gov.cn/wjw/gfxwj/200203/5e9768a72af64db89acb45fe30a810af.shtml,active,DAI DAI HUA,HERB001171,/Detail/?v=HERB001171&label=Herb,DAI DAI HUA,玳玳花,Citrus Aurantium,NA,exact_pinyin
MFH0014,玉竹,玉竹,玉竹,YU ZHU,2002_base,2002,卫法监发〔2002〕51号,,https://www.nhc.gov.cn/wjw/gfxwj/200203/5e9768a72af64db89acb45fe30a810af.shtml,active,YU ZHU,HERB006754,/Detail/?v=HERB006754&label=Herb,YU ZHU,玉竹,Fragrant Solomonseal Rhizome,Rhizoma Polygoti Odorati,exact_chinese
MFH0015,甘草,甘草,甘草,GAN CAO,2002_base,2002,卫法监发〔2002〕51号,,https://www.nhc.gov.cn/wjw/gfxwj/200203/5e9768a72af64db89acb45fe30a810af.shtml,active,GAN CAO,HERB001779,/Detail/?v=HERB001779&label=Herb,GAN CAO,甘草,Root of Ural Licorice,Radix Glycyrrhizae,exact_chinese
MFH0016,白芷,白芷,白芷,BAI ZHI,2002_base,2002,卫法监发〔2002〕51号,,https://www.nhc.gov.cn/wjw/gfxwj/200203/5e9768a72af64db89acb45fe30a810af.shtml,active,BAI ZHI,HERB000305,/Detail/?v=HERB000305&label=Herb,BAI ZHI,白芷,Dahurian Angelica Root,Radix Angelicae Dahuricae,exact_chinese
MFH0017,白果,白果,白果,BAI GUO,2002_base,2002,卫法监发〔2002〕51号,,https://www.nhc.gov.cn/wjw/gfxwj/200203/5e9768a72af64db89acb45fe30a810af.shtml,active,BAI GUO,HERB000186,/Detail/?v=HERB000186&label=Herb,BAI GUO,白果,Ginkgo seed,Semen Ginkgo,exact_chinese
MFH0018,白扁豆,白扁豆,白扁豆,BAI BIAN DOU,2002_base,2002,卫法监发〔2002〕51号,,https://www.nhc.gov.cn/wjw/gfxwj/200203/5e9768a72af64db89acb45fe30a810af.shtml,active,BAI BIAN DOU,HERB000161,/Detail/?v=HERB000161&label=Herb,BAI BIAN DOU,白扁豆,White Hyacinth Bean,Semen Lablab Album,exact_chinese
MFH0019,白扁豆花,白扁豆花,白扁豆花;扁豆花,BAI BIAN DOU HUA;BIAN DOU HUA,2002_base,2002,卫法监发〔2002〕51号,,https://www.nhc.gov.cn/wjw/gfxwj/200203/5e9768a72af64db89acb45fe30a810af.shtml,active,BIAN DOU HUA,HERB000453,/Detail/?v=HERB000453&label=Herb,BIAN DOU HUA,扁豆花,flower of Hyacinth Dolichos,Flos Dolichoris,exact_chinese
MFH0020,龙眼肉（桂圆）,龙眼肉,龙眼肉;桂圆,LONG YAN ROU;GUI YUAN,2002_base,2002,卫法监发〔2002〕51号,,https://www.nhc.gov.cn/wjw/gfxwj/200203/5e9768a72af64db89acb45fe30a810af.shtml,active,LONG YAN ROU,HERB003498,/Detail/?v=HERB003498&label=Herb,LONG YAN ROU,龙眼肉,Longan Aril,Arillus Longan,exact_chinese
MFH0021,决明子,决明子,决明子,JUE MING ZI,2002_base,2002,卫法监发〔2002〕51号,,https://www.nhc.gov.cn/wjw/gfxwj/200203/5e9768a72af64db89acb45fe30a810af.shtml,active,JUE MING ZI,HERB003070,/Detail/?v=HERB003070&label=Herb,JUE MING ZI,决明子,Cassia Seed,Semen Cassiae;Semen Sene,exact_chinese
MFH0022,百合,百合,百合,BAI HE,2002_base,2002,卫法监发〔2002〕51号,,https://www.nhc.gov.cn/wjw/gfxwj/200203/5e9768a72af64db89acb45fe30a810af.shtml,active,BAI HE,HERB000192,/Detail/?v=HERB000192&label=Herb,BAI HE,百合,Bulb of Greenish Lily,Bulbus Lilii ,exact_chinese
MFH0023,肉豆蔻,肉豆蔻,肉豆蔻,ROU DOU KOU,2002_base,2002,卫法监发〔2002〕51号,,https://www.nhc.gov.cn/wjw/gfxwj/200203/5e9768a72af64db89acb45fe30a810af.shtml,active,ROU DOU KOU,HERB004693,/Detail/?v=HERB004693&label=Herb,ROU DOU KOU,肉豆蔻,Nutmeg,Semen Myristicae,exact_chinese
MFH0024,肉桂,肉桂,肉桂,ROU GUI,2002_base,2002,卫法监发〔2002〕51号,,https://www.nhc.gov.cn/wjw/gfxwj/200203/5e9768a72af64db89acb45fe30a810af.shtml,active,ROU GUI,HERB004694,/Detail/?v=HERB004694&label=Herb,ROU GUI,肉桂,Cassia Bark,Cortex Cinmomi,exact_chinese
MFH0025,余甘子,余甘子,余甘子,YU GAN ZI,2002_base,2002,卫法监发〔2002〕51号,,https://www.nhc.gov.cn/wjw/gfxwj/200203/5e9768a72af64db89acb45fe30a810af.shtml,active,YU GAN ZI,HERB006714,/Detail/?v=HERB006714&label=Herb,YU GAN ZI,余甘子,Emblic Leafflower Fruit,Fructus Phyllanthi,exact_chinese
MFH0026,佛手,佛手,佛手,FO SHOU,2002_base,2002,卫法监发〔2002〕51号,,https://www.nhc.gov.cn/wjw/gfxwj/200203/5e9768a72af64db89acb45fe30a810af.shtml,active,FO SHOU,HERB001734,/Detail/?v=HERB001734&label=Herb,FO SHOU,佛手,Finger Citron,Fructus Citri sarcodactylis,exact_chinese
MFH0027,杏仁（甜、苦）,杏仁,杏仁;甜杏仁;苦杏仁,XING REN;TIAN XING REN;KU XING REN,2002_base,2002,卫法监发〔2002〕51号,,https://www.nhc.gov.cn/wjw/gfxwj/200203/5e9768a72af64db89acb45fe30a810af.shtml,active,XING REN,HERB003174,/Detail/?v=HERB003174&label=Herb,KU XING REN,苦杏仁,bitter Apricot seed,Semen armeniacae amarum,exact_chinese
MFH0027,杏仁（甜、苦）,杏仁,杏仁;甜杏仁;苦杏仁,XING REN;TIAN XING REN;KU XING REN,2002_base,2002,卫法监发〔2002〕51号,,https://www.nhc.gov.cn/wjw/gfxwj/200203/5e9768a72af64db89acb45fe30a810af.shtml,active,XING REN,HERB006236,/Detail/?v=HERB006236&label=Herb,XING REN,杏仁,Apricot Seed Equivalent plant: Prunus armeniaca va,Prunus armeniaca,exact_chinese
MFH0028,沙棘,沙棘,沙棘,SHA JI,2002_base,2002,卫法监发〔2002〕51号,,https://www.nhc.gov.cn/wjw/gfxwj/200203/5e9768a72af64db89acb45fe30a810af.shtml,active,SHA JI,HERB004849,/Detail/?v=HERB004849&label=Herb,SHA JI,沙棘,fruit of seabuckthorn,fructus hippophae,exact_chinese
MFH0029,牡蛎,牡蛎,牡蛎,MU LI,2002_base,2002,卫法监发〔2002〕51号,,https://www.nhc.gov.cn/wjw/gfxwj/200203/5e9768a72af64db89acb45fe30a810af.shtml,active,MU LI,HERB004050,/Detail/?v=HERB004050&label=Herb,MU LI,牡蛎,Oyster,Crassostrea gigas,exact_chinese
MFH0030,芡实,芡实,芡实,QIAN SHI,2002_base,2002,卫法监发〔2002〕51号,,https://www.nhc.gov.cn/wjw/gfxwj/200203/5e9768a72af64db89acb45fe30a810af.shtml,active,QIAN SHI,HERB004472,/Detail/?v=HERB004472&label=Herb,QIAN SHI,芡实,seed of Gordon Euryale,Semen Euryales,exact_chinese
MFH0031,花椒,花椒,花椒,HUA JIAO,2002_base,2002,卫法监发〔2002〕51号,,https://www.nhc.gov.cn/wjw/gfxwj/200203/5e9768a72af64db89acb45fe30a810af.shtml,active,HUA JIAO,HERB002424,/Detail/?v=HERB002424&label=Herb,HUA JIAO,花椒,Pricklyash Peel,Pericarpium Zanthoxyli,exact_chinese
MFH0032,赤小豆,赤小豆,赤小豆,CHI XIAO DOU,2002_base,2002,卫法监发〔2002〕51号,,https://www.nhc.gov.cn/wjw/gfxwj/200203/5e9768a72af64db89acb45fe30a810af.shtml,active,CHI XIAO DOU,HERB000806,/Detail/?v=HERB000806&label=Herb,CHI XIAO DOU,赤小豆,Rice Bean,Semen Phaseoli,exact_chinese
MFH0033,阿胶,阿胶,阿胶,E JIAO,2002_base,2002,卫法监发〔2002〕51号,,https://www.nhc.gov.cn/wjw/gfxwj/200203/5e9768a72af64db89acb45fe30a810af.shtml,active,E JIAO,HERB001564,/Detail/?v=HERB001564&label=Herb,E JIAO,阿胶,Donkey hide gelatin,Colla Corii Asini,exact_chinese
MFH0034,鸡内金,鸡内金,鸡内金,JI NEI JIN,2002_base,2002,卫法监发〔2002〕51号,,https://www.nhc.gov.cn/wjw/gfxwj/200203/5e9768a72af64db89acb45fe30a810af.shtml,active,JI NEI JIN,HERB002690,/Detail/?v=HERB002690&label=Herb,JI NEI JIN,鸡内金,Chicken’s Gizzard Endothelium,Gallus gallus domesticus,exact_chinese
MFH0035,麦芽,麦芽,麦芽,MAI YA,2002_base,2002,卫法监发〔2002〕51号,,https://www.nhc.gov.cn/wjw/gfxwj/200203/5e9768a72af64db89acb45fe30a810af.shtml,active,MAI YA,HERB003715,/Detail/?v=HERB003715&label=Herb,MAI YA,麦芽,Germited Barley,Fructus Hordei Germitus,exact_chinese
MFH0036,昆布,昆布,昆布,KUN BU,2002_base,2002,卫法监发〔2002〕51号,,https://www.nhc.gov.cn/wjw/gfxwj/200203/5e9768a72af64db89acb45fe30a810af.shtml,active,KUN BU,HERB003210,/Detail/?v=HERB003210&label=Herb,KUN BU,昆布,Kelp or Tangle,Thallus Lamiriae,exact_chinese
MFH0037,枣（大枣、酸枣、黑枣）,枣,枣;大枣;酸枣;黑枣,ZAO;DA ZAO;SUAN ZAO;HEI ZAO,2002_base,2002,卫法监发〔2002〕51号,,https://www.nhc.gov.cn/wjw/gfxwj/200203/5e9768a72af64db89acb45fe30a810af.shtml,active,ZAO,HERB001164,/Detail/?v=HERB001164&label=Herb,DA ZAO,大枣,Jujube Chinese date,Fructus Zizyphi Jujubae,exact_chinese
MFH0037,枣（大枣、酸枣、黑枣）,枣,枣;大枣;酸枣;黑枣,ZAO;DA ZAO;SUAN ZAO;HEI ZAO,2002_base,2002,卫法监发〔2002〕51号,,https://www.nhc.gov.cn/wjw/gfxwj/200203/5e9768a72af64db89acb45fe30a810af.shtml,active,ZAO,HERB005318,/Detail/?v=HERB005318&label=Herb,SUAN ZAO,酸枣,Spine Date,Ziziphus jujuba var. spinosa,exact_chinese
MFH0038,罗汉果,罗汉果,罗汉果,LUO HAN GUO,2002_base,2002,卫法监发〔2002〕51号,,https://www.nhc.gov.cn/wjw/gfxwj/200203/5e9768a72af64db89acb45fe30a810af.shtml,active,LUO HAN GUO,HERB003582,/Detail/?v=HERB003582&label=Herb,LUO HAN GUO,罗汉果,Grosvenor Momordica Fruit,Fructus Momordicae,exact_chinese
MFH0039,郁李仁,郁李仁,郁李仁,YU LI REN,2002_base,2002,卫法监发〔2002〕51号,,https://www.nhc.gov.cn/wjw/gfxwj/200203/5e9768a72af64db89acb45fe30a810af.shtml,active,YU LI REN,HERB006725,/Detail/?v=HERB006725&label=Herb,YU LI REN,郁李仁,Chinese Dwarf Cherry Seed,Semen Pruni,exact_chinese
MFH0040,金银花,金银花,金银花,JIN YIN HUA,2002_base,2002,卫法监发〔2002〕51号,,https://www.nhc.gov.cn/wjw/gfxwj/200203/5e9768a72af64db89acb45fe30a810af.shtml,active,JIN YIN HUA,HERB002962,/Detail/?v=HERB002962&label=Herb,JIN YIN HUA,金银花,Honeysuckle Flower,Flos Lonicerae,exact_chinese
MFH0041,青果,青果,青果,QING GUO,2002_base,2002,卫法监发〔2002〕51号,,https://www.nhc.gov.cn/wjw/gfxwj/200203/5e9768a72af64db89acb45fe30a810af.shtml,active,QING GUO,HERB004519,/Detail/?v=HERB004519&label=Herb,QING GUO,青果,Carii Fructus,NA,exact_chinese
MFH0042,鱼腥草,鱼腥草,鱼腥草,YU XING CAO,2002_base,2002,卫法监发〔2002〕51号,,https://www.nhc.gov.cn/wjw/gfxwj/200203/5e9768a72af64db89acb45fe30a810af.shtml,active,YU XING CAO,HERB006741,/Detail/?v=HERB006741&label=Herb,YU XING CAO,鱼腥草,all-grass of Heartleaf Houttuynia,Herba Houttuyniae,exact_chinese
MFH0043,姜（生姜、干姜）,姜,姜;生姜;干姜,JIANG;SHENG JIANG;GAN JIANG,2002_base,2002,卫法监发〔2002〕51号,,https://www.nhc.gov.cn/wjw/gfxwj/200203/5e9768a72af64db89acb45fe30a810af.shtml,active,JIANG,HERB001787,/Detail/?v=HERB001787&label=Herb,GAN JIANG,干姜,Dried Ginger,Rhizoma Zingiberis,exact_chinese
MFH0043,姜（生姜、干姜）,姜,姜;生姜;干姜,JIANG;SHENG JIANG;GAN JIANG,2002_base,2002,卫法监发〔2002〕51号,,https://www.nhc.gov.cn/wjw/gfxwj/200203/5e9768a72af64db89acb45fe30a810af.shtml,active,JIANG,HERB005017,/Detail/?v=HERB005017&label=Herb,SHENG JIANG,生姜,Fresh Ginger,Rhizoma Zingiberis Recens,exact_chinese
MFH0044,枳椇子,枳椇子,枳椇子,ZHI JU ZI,2002_base,2002,卫法监发〔2002〕51号,,https://www.nhc.gov.cn/wjw/gfxwj/200203/5e9768a72af64db89acb45fe30a810af.shtml,active,ZHI JU ZI,HERB007002,/Detail/?v=HERB007002&label=Herb,ZHI JU ZI,枳椇子,Hoveniae Dulcis Semen,NA,exact_chinese
MFH0045,枸杞子,枸杞子,枸杞子,GOU QI ZI,2002_base,2002,卫法监发〔2002〕51号,,https://www.nhc.gov.cn/wjw/gfxwj/200203/5e9768a72af64db89acb45fe30a810af.shtml,active,GOU QI ZI,HERB001915,/Detail/?v=HERB001915&label=Herb,GOU QI ZI,枸杞子,fruit of Chinese Wolfberry,Fructus Lycii,exact_chinese
MFH0046,栀子,栀子,栀子,ZHI ZI,2002_base,2002,卫法监发〔2002〕51号,,https://www.nhc.gov.cn/wjw/gfxwj/200203/5e9768a72af64db89acb45fe30a810af.shtml,active,ZHI ZI,HERB007046,/Detail/?v=HERB007046&label=Herb,ZHI ZI,栀子,fruit of Cape Jasmine,Fructus Gardeniae,exact_chinese
MFH0047,砂仁,砂仁,砂仁,SHA REN,2002_base,2002,卫法监发〔2002〕51号,,https://www.nhc.gov.cn/wjw/gfxwj/200203/5e9768a72af64db89acb45fe30a810af.shtml,active,SHA REN,HERB004853,/Detail/?v=HERB004853&label=Herb,SHA REN,砂仁,Villous Amomum Fruit,Fructus Amomi,exact_chinese
MFH0048,胖大海,胖大海,胖大海,PANG DA HAI,2002_base,2002,卫法监发〔2002〕51号,,https://www.nhc.gov.cn/wjw/gfxwj/200203/5e9768a72af64db89acb45fe30a810af.shtml,active,PANG DA HAI,HERB004316,/Detail/?v=HERB004316&label=Herb,PANG DA HAI,胖大海,Boat-fruited Sterculia Seed,Semen Sterculiae Lychnophorae,exact_chinese
MFH0048,胖大海,胖大海,胖大海,PANG DA HAI,2002_base,2002,卫法监发〔2002〕51号,,https://www.nhc.gov.cn/wjw/gfxwj/200203/5e9768a72af64db89acb45fe30a810af.shtml,active,PANG DA HAI,HERB004317,/Detail/?v=HERB004317&label=Herb,PANG DA HAI,胖大海,NA,Sterculia lychnophora,exact_chinese
MFH0049,茯苓,茯苓,茯苓,FU LING,2002_base,2002,卫法监发〔2002〕51号,,https://www.nhc.gov.cn/wjw/gfxwj/200203/5e9768a72af64db89acb45fe30a810af.shtml,active,FU LING,HERB001749,/Detail/?v=HERB001749&label=Herb,FU LING,茯苓,Indian Bread,Poria,exact_chinese
MFH0050,香橼,香橼,香橼,XIANG YUAN,2002_base,2002,卫法监发〔2002〕51号,,https://www.nhc.gov.cn/wjw/gfxwj/200203/5e9768a72af64db89acb45fe30a810af.shtml,active,XIANG YUAN,HERB006061,/Detail/?v=HERB006061&label=Herb,XIANG YUAN,香橼,Citri Fructus,NA,exact_chinese
MFH0051,香薷,香薷,香薷,XIANG RU,2002_base,2002,卫法监发〔2002〕51号,,https://www.nhc.gov.cn/wjw/gfxwj/200203/5e9768a72af64db89acb45fe30a810af.shtml,active,XIANG RU,HERB006045,/Detail/?v=HERB006045&label=Herb,XIANG RU,香薷,all-grass of Haichow Elsholtzia,Herba Elsholtziae,exact_chinese
MFH0052,桃仁,桃仁,桃仁,TAO REN,2002_base,2002,卫法监发〔2002〕51号,,https://www.nhc.gov.cn/wjw/gfxwj/200203/5e9768a72af64db89acb45fe30a810af.shtml,active,TAO REN,HERB005412,/Detail/?v=HERB005412&label=Herb,TAO REN,桃仁,Peach Seed,Semen Persicae,exact_chinese
MFH0053,桑叶,桑叶,桑叶,SANG YE,2002_base,2002,卫法监发〔2002〕51号,,https://www.nhc.gov.cn/wjw/gfxwj/200203/5e9768a72af64db89acb45fe30a810af.shtml,active,SANG YE,HERB004834,/Detail/?v=HERB004834&label=Herb,SANG YE,桑叶,Mulberry Leaf,Folium Mori,exact_chinese
MFH0054,桑椹,桑椹,桑椹;桑葚,SANG SHEN;SANG SHEN,2002_base,2002,卫法监发〔2002〕51号,,https://www.nhc.gov.cn/wjw/gfxwj/200203/5e9768a72af64db89acb45fe30a810af.shtml,active,SANG SHEN,HERB004832,/Detail/?v=HERB004832&label=Herb,SANG SHEN,桑椹,Mulberry Fruit,Fructus Mori,exact_chinese
MFH0055,桔红,桔红,桔红;橘红,JU HONG;JU HONG,2002_base,2002,卫法监发〔2002〕51号,,https://www.nhc.gov.cn/wjw/gfxwj/200203/5e9768a72af64db89acb45fe30a810af.shtml,active,JU HONG,HERB003028,/Detail/?v=HERB003028&label=Herb,JU HONG,橘红,Citri Exocarpium Rubrum,NA,exact_chinese
MFH0056,桔梗,桔梗,桔梗,JIE GENG,2002_base,2002,卫法监发〔2002〕51号,,https://www.nhc.gov.cn/wjw/gfxwj/200203/5e9768a72af64db89acb45fe30a810af.shtml,active,JIE GENG,HERB002876,/Detail/?v=HERB002876&label=Herb,JIE GENG,桔梗,Platycodon Root,Radix Platycodi,exact_chinese
MFH0057,益智仁,益智仁,益智仁,YI ZHI REN,2002_base,2002,卫法监发〔2002〕51号,,https://www.nhc.gov.cn/wjw/gfxwj/200203/5e9768a72af64db89acb45fe30a810af.shtml,active,YI ZHI REN,HERB006572,/Detail/?v=HERB006572&label=Herb,YI ZHI REN,益智仁,Sharpleaf Galangal,Alpinia oxyphylla,exact_chinese
MFH0058,荷叶,荷叶,荷叶,HE YE,2002_base,2002,卫法监发〔2002〕51号,,https://www.nhc.gov.cn/wjw/gfxwj/200203/5e9768a72af64db89acb45fe30a810af.shtml,active,HE YE,HERB002191,/Detail/?v=HERB002191&label=Herb,HE YE,荷叶,Lotus leaf,Folium Nelumbinis,exact_chinese
MFH0059,莱菔子,莱菔子,莱菔子,LAI FU ZI,2002_base,2002,卫法监发〔2002〕51号,,https://www.nhc.gov.cn/wjw/gfxwj/200203/5e9768a72af64db89acb45fe30a810af.shtml,active,LAI FU ZI,HERB003245,/Detail/?v=HERB003245&label=Herb,LAI FU ZI,莱菔子,Radish Seed,Semen Raphani,exact_chinese
MFH0060,莲子,莲子,莲子,LIAN ZI,2002_base,2002,卫法监发〔2002〕51号,,https://www.nhc.gov.cn/wjw/gfxwj/200203/5e9768a72af64db89acb45fe30a810af.shtml,active,LIAN ZI,HERB003376,/Detail/?v=HERB003376&label=Herb,LIAN ZI,莲子,Hindu Lotus Seed,Nelumbo nucifera,exact_chinese
MFH0061,高良姜,高良姜,高良姜,GAO LIANG JIANG,2002_base,2002,卫法监发〔2002〕51号,,https://www.nhc.gov.cn/wjw/gfxwj/200203/5e9768a72af64db89acb45fe30a810af.shtml,active,GAO LIANG JIANG,HERB001852,/Detail/?v=HERB001852&label=Herb,GAO LIANG JIANG,高良姜,Alpiniae Officirum Rhizome,NA,exact_chinese
MFH0062,淡竹叶,淡竹叶,淡竹叶,DAN ZHU YE,2002_base,2002,卫法监发〔2002〕51号,,https://www.nhc.gov.cn/wjw/gfxwj/200203/5e9768a72af64db89acb45fe30a810af.shtml,active,DAN ZHU YE,HERB001204,/Detail/?v=HERB001204&label=Herb,DAN ZHU YE,淡竹叶,Common Lophatherum,Lophatherum gracile,exact_chinese
MFH0063,淡豆豉,淡豆豉,淡豆豉,DAN DOU CHI,2002_base,2002,卫法监发〔2002〕51号,,https://www.nhc.gov.cn/wjw/gfxwj/200203/5e9768a72af64db89acb45fe30a810af.shtml,active,DAN DOU CHI,HERB001175,/Detail/?v=HERB001175&label=Herb,DAN DOU CHI,淡豆豉,Fermented Soybean,Semen Sojae Praeparata,exact_chinese
MFH0064,菊花,菊花,菊花,JU HUA,2002_base,2002,卫法监发〔2002〕51号,,https://www.nhc.gov.cn/wjw/gfxwj/200203/5e9768a72af64db89acb45fe30a810af.shtml,active,JU HUA,HERB003031,/Detail/?v=HERB003031&label=Herb,JU HUA,菊花,Chrysanthemum Flower,Flos Chrysanthemi,exact_chinese
MFH0065,菊苣,菊苣,菊苣,JU JU,2002_base,2002,卫法监发〔2002〕51号,,https://www.nhc.gov.cn/wjw/gfxwj/200203/5e9768a72af64db89acb45fe30a810af.shtml,active,JU JU,HERB003039,/Detail/?v=HERB003039&label=Herb,JU JU,菊苣,Chicory Herb,Herba Cichorii,exact_chinese
MFH0066,黄芥子,黄芥子,黄芥子;芥子;白芥子,HUANG JIE ZI;JIE ZI;BAI JIE ZI,2002_base,2002,卫法监发〔2002〕51号,,https://www.nhc.gov.cn/wjw/gfxwj/200203/5e9768a72af64db89acb45fe30a810af.shtml,active,JIE ZI,HERB000225,/Detail/?v=HERB000225&label=Herb,BAI JIE ZI,白芥子,White Mustard Seed,Sinapis alba,exact_chinese
MFH0066,黄芥子,黄芥子,黄芥子;芥子;白芥子,HUANG JIE ZI;JIE ZI;BAI JIE ZI,2002_base,2002,卫法监发〔2002〕51号,,https://www.nhc.gov.cn/wjw/gfxwj/200203/5e9768a72af64db89acb45fe30a810af.shtml,active,JIE ZI,HERB002887,/Detail/?v=HERB002887&label=Herb,JIE ZI,芥子,Mustard Seed,Semen Sipis,exact_chinese
MFH0067,黄精,黄精,黄精,HUANG JING,2002_base,2002,卫法监发〔2002〕51号,,https://www.nhc.gov.cn/wjw/gfxwj/200203/5e9768a72af64db89acb45fe30a810af.shtml,active,HUANG JING,HERB002534,/Detail/?v=HERB002534&label=Herb,HUANG JING,黄精,Rhizome of Fragrant Solomonseal,Rhizoma Polygoti,exact_chinese
MFH0068,紫苏,紫苏,紫苏,ZI SU,2002_base,2002,卫法监发〔2002〕51号,,https://www.nhc.gov.cn/wjw/gfxwj/200203/5e9768a72af64db89acb45fe30a810af.shtml,active,ZI SU,HERB007208,/Detail/?v=HERB007208&label=Herb,ZI SU,紫苏,Perilla Frutescens,NA,exact_chinese
MFH0069,紫苏籽,紫苏籽,紫苏籽,ZI SU ZI,2002_base,2002,卫法监发〔2002〕51号,,https://www.nhc.gov.cn/wjw/gfxwj/200203/5e9768a72af64db89acb45fe30a810af.shtml,active,ZI SU ZI,HERB007213,/Detail/?v=HERB007213&label=Herb,ZI SU ZI,紫苏子,Perilia Fruit,Fructus Perillae,exact_pinyin
MFH0070,葛根,葛根,葛根,GE GEN,2002_base,2002,卫法监发〔2002〕51号,,https://www.nhc.gov.cn/wjw/gfxwj/200203/5e9768a72af64db89acb45fe30a810af.shtml,active,GE GEN,HERB001874,/Detail/?v=HERB001874&label=Herb,GE GEN,葛根,root of lobed kudzuvine,Radix Puerariae,exact_chinese
MFH0071,黑芝麻,黑芝麻,黑芝麻,HEI ZHI MA,2002_base,2002,卫法监发〔2002〕51号,,https://www.nhc.gov.cn/wjw/gfxwj/200203/5e9768a72af64db89acb45fe30a810af.shtml,active,HEI ZHI MA,HERB002242,/Detail/?v=HERB002242&label=Herb,HEI ZHI MA,黑芝麻,Black Sesame,Semen Sesami Nigrum,exact_chinese
MFH0072,黑胡椒,黑胡椒,黑胡椒;胡椒,HEI HU JIAO;HU JIAO,2002_base,2002,卫法监发〔2002〕51号,,https://www.nhc.gov.cn/wjw/gfxwj/200203/5e9768a72af64db89acb45fe30a810af.shtml,active,HU JIAO,HERB002371,/Detail/?v=HERB002371&label=Herb,HU JIAO,胡椒,Pepper Fruit,Fructus Piperis,exact_chinese
MFH0073,槐米,槐米,槐米;槐花,HUAI MI;HUAI HUA,2002_base,2002,卫法监发〔2002〕51号,,https://www.nhc.gov.cn/wjw/gfxwj/200203/5e9768a72af64db89acb45fe30a810af.shtml,active,HUAI HUA,HERB002472,/Detail/?v=HERB002472&label=Herb,HUAI HUA,槐花,flower bud of Japanese pagodatree,flos Sophorae,exact_chinese
MFH0074,槐花,槐花,槐花,HUAI HUA,2002_base,2002,卫法监发〔2002〕51号,,https://www.nhc.gov.cn/wjw/gfxwj/200203/5e9768a72af64db89acb45fe30a810af.shtml,active,HUAI HUA,HERB002472,/Detail/?v=HERB002472&label=Herb,HUAI HUA,槐花,flower bud of Japanese pagodatree,flos Sophorae,exact_chinese
MFH0075,蒲公英,蒲公英,蒲公英,PU GONG YING,2002_base,2002,卫法监发〔2002〕51号,,https://www.nhc.gov.cn/wjw/gfxwj/200203/5e9768a72af64db89acb45fe30a810af.shtml,active,PU GONG YING,HERB004401,/Detail/?v=HERB004401&label=Herb,PU GONG YING,蒲公英,Mongolian Dandelion,Taraxacum mongolicum,exact_chinese
MFH0076,蜂蜜,蜂蜜,蜂蜜,FENG MI,2002_base,2002,卫法监发〔2002〕51号,,https://www.nhc.gov.cn/wjw/gfxwj/200203/5e9768a72af64db89acb45fe30a810af.shtml,active,FENG MI,HERB001711,/Detail/?v=HERB001711&label=Herb,FENG MI,蜂蜜,Honey,Apis cerana,exact_chinese
MFH0077,榧子,榧子,榧子,FEI ZI,2002_base,2002,卫法监发〔2002〕51号,,https://www.nhc.gov.cn/wjw/gfxwj/200203/5e9768a72af64db89acb45fe30a810af.shtml,active,FEI ZI,HERB001676,/Detail/?v=HERB001676&label=Herb,FEI ZI,榧子,Torrya seed,Semen Torreyae,exact_chinese
MFH0078,酸枣仁,酸枣仁,酸枣仁,SUAN ZAO REN,2002_base,2002,卫法监发〔2002〕51号,,https://www.nhc.gov.cn/wjw/gfxwj/200203/5e9768a72af64db89acb45fe30a810af.shtml,active,SUAN ZAO REN,HERB005319,/Detail/?v=HERB005319&label=Herb,SUAN ZAO REN,酸枣仁,Spine Date Seed,Semen Ziziphi Spinosae,exact_chinese
MFH0079,鲜白茅根,鲜白茅根,鲜白茅根;白茅根,XIAN BAI MAO GEN;BAI MAO GEN,2002_base,2002,卫法监发〔2002〕51号,,https://www.nhc.gov.cn/wjw/gfxwj/200203/5e9768a72af64db89acb45fe30a810af.shtml,active,BAI MAO GEN,HERB000242,/Detail/?v=HERB000242&label=Herb,BAI MAO GEN,白茅根,Lalang Grass Rhizome,Rhizoma Imperatae,exact_chinese
MFH0079,鲜白茅根,鲜白茅根,鲜白茅根;白茅根,XIAN BAI MAO GEN;BAI MAO GEN,2002_base,2002,卫法监发〔2002〕51号,,https://www.nhc.gov.cn/wjw/gfxwj/200203/5e9768a72af64db89acb45fe30a810af.shtml,active,BAI MAO GEN,HERB000243,/Detail/?v=HERB000243&label=Herb,BAI MAO GEN II,白茅根,NA,NA,exact_chinese
MFH0079,鲜白茅根,鲜白茅根,鲜白茅根;白茅根,XIAN BAI MAO GEN;BAI MAO GEN,2002_base,2002,卫法监发〔2002〕51号,,https://www.nhc.gov.cn/wjw/gfxwj/200203/5e9768a72af64db89acb45fe30a810af.shtml,active,BAI MAO GEN,HERB000244,/Detail/?v=HERB000244&label=Herb,BAI MAO GEN(1),白茅根,Lalang Grass Rhizome,Imperata cylindrica var. major,exact_chinese
MFH0079,鲜白茅根,鲜白茅根,鲜白茅根;白茅根,XIAN BAI MAO GEN;BAI MAO GEN,2002_base,2002,卫法监发〔2002〕51号,,https://www.nhc.gov.cn/wjw/gfxwj/200203/5e9768a72af64db89acb45fe30a810af.shtml,active,BAI MAO GEN,HERB000245,/Detail/?v=HERB000245&label=Herb,BAI MAO GEN(4),白茅根,Golden-seal,Hydrastis canadensis,exact_chinese
MFH0080,鲜芦根,鲜芦根,鲜芦根;芦根,XIAN LU GEN;LU GEN,2002_base,2002,卫法监发〔2002〕51号,,https://www.nhc.gov.cn/wjw/gfxwj/200203/5e9768a72af64db89acb45fe30a810af.shtml,active,LU GEN,HERB003526,/Detail/?v=HERB003526&label=Herb,LU GEN,芦根,Reed rhizome ,Rhizoma Phragmitis,exact_chinese
MFH0082,橘皮,橘皮,橘皮;桔皮;陈皮,JU PI;JU PI;CHEN PI,2002_base,2002,卫法监发〔2002〕51号,,https://www.nhc.gov.cn/wjw/gfxwj/200203/5e9768a72af64db89acb45fe30a810af.shtml,active,JU PI,HERB003044,/Detail/?v=HERB003044&label=Herb,JU PI,橘皮,Tangerine Pericarp,Citrus reticulata,exact_chinese
MFH0082,橘皮,橘皮,橘皮;桔皮;陈皮,JU PI;JU PI;CHEN PI,2002_base,2002,卫法监发〔2002〕51号,,https://www.nhc.gov.cn/wjw/gfxwj/200203/5e9768a72af64db89acb45fe30a810af.shtml,active,CHEN PI,HERB000775,/Detail/?v=HERB000775&label=Herb,CHEN PI,陈皮,Dried Tangerine Peel,Pericarpium Citri Reticulatae,exact_chinese
MFH0083,薄荷,薄荷,薄荷,BO HE,2002_base,2002,卫法监发〔2002〕51号,,https://www.nhc.gov.cn/wjw/gfxwj/200203/5e9768a72af64db89acb45fe30a810af.shtml,active,BO HE,HERB000508,/Detail/?v=HERB000508&label=Herb,BO HE,薄荷,"Mentha, Peppermint",herba Menthae,exact_chinese
MFH0084,薏苡仁,薏苡仁,薏苡仁,YI YI REN,2002_base,2002,卫法监发〔2002〕51号,,https://www.nhc.gov.cn/wjw/gfxwj/200203/5e9768a72af64db89acb45fe30a810af.shtml,active,YI YI REN,HERB006568,/Detail/?v=HERB006568&label=Herb,YI YI REN,薏苡仁,seed of Jobstears,semen coicis,exact_chinese
MFH0085,薤白,薤白,薤白,XIE BAI,2002_base,2002,卫法监发〔2002〕51号,,https://www.nhc.gov.cn/wjw/gfxwj/200203/5e9768a72af64db89acb45fe30a810af.shtml,active,XIE BAI,HERB006191,/Detail/?v=HERB006191&label=Herb,XIE BAI,薤白,bulb of longstamen onion,Bulbus Allii Macrostemi,exact_chinese
MFH0086,覆盆子,覆盆子,覆盆子,FU PEN ZI,2002_base,2002,卫法监发〔2002〕51号,,https://www.nhc.gov.cn/wjw/gfxwj/200203/5e9768a72af64db89acb45fe30a810af.shtml,active,FU PEN ZI,HERB001754,/Detail/?v=HERB001754&label=Herb,FU PEN ZI,覆盆子,Rubi Fructus,NA,exact_chinese
MFH0087,藿香,藿香,藿香,HUO XIANG,2002_base,2002,卫法监发〔2002〕51号,,https://www.nhc.gov.cn/wjw/gfxwj/200203/5e9768a72af64db89acb45fe30a810af.shtml,active,HUO XIANG,HERB002644,/Detail/?v=HERB002644&label=Herb,HUO XIANG,霍香,Wrinkled Gianthyssop,Agastache rugosus,exact_pinyin
MFH0088,当归,当归,当归,DANG GUI,2019_spice_only,2019,2019年第8号,仅作为香辛料和调味品使用,https://www.nhc.gov.cn/sps/c100088/202001/8a2f0dc747604ff9879f729bf95edf48.shtml,active,DANG GUI,HERB000742,/Detail/?v=HERB000742&label=Herb,CHANGBIAN HUA DANG GUI,当归,NA,NA,exact_chinese
MFH0088,当归,当归,当归,DANG GUI,2019_spice_only,2019,2019年第8号,仅作为香辛料和调味品使用,https://www.nhc.gov.cn/sps/c100088/202001/8a2f0dc747604ff9879f729bf95edf48.shtml,active,DANG GUI,HERB001210,/Detail/?v=HERB001210&label=Herb,DANG GUI,当归,root of Chinese Angelica,Radix Angelicae sinensis,exact_chinese
MFH0088,当归,当归,当归,DANG GUI,2019_spice_only,2019,2019年第8号,仅作为香辛料和调味品使用,https://www.nhc.gov.cn/sps/c100088/202001/8a2f0dc747604ff9879f729bf95edf48.shtml,active,DANG GUI,HERB004572,/Detail/?v=HERB004572&label=Herb,QU XI DANG GUI,当归,Genuflex Angelica,Angelica genuflexa,exact_chinese
MFH0088,当归,当归,当归,DANG GUI,2019_spice_only,2019,2019年第8号,仅作为香辛料和调味品使用,https://www.nhc.gov.cn/sps/c100088/202001/8a2f0dc747604ff9879f729bf95edf48.shtml,active,DANG GUI,HERB005088,/Detail/?v=HERB005088&label=Herb,SHI SHI DANG GUI,当归,Shkioki Angelica,Angelica shkiokiana,exact_chinese
MFH0089,山柰,山柰,山柰;山奈,SHAN NAI;SHAN NAI,2019_spice_only,2019,2019年第8号,仅作为香辛料和调味品使用,https://www.nhc.gov.cn/sps/c100088/202001/8a2f0dc747604ff9879f729bf95edf48.shtml,active,SHAN NAI,HERB004914,/Detail/?v=HERB004914&label=Herb,SHAN NAI,山柰,Galanga Resurrectionlily Rhizome,Rhizoma Kaempferiae,exact_chinese
MFH0090,西红花,西红花,西红花,XI HONG HUA,2019_spice_only,2019,2019年第8号,仅作为香辛料和调味品使用,https://www.nhc.gov.cn/sps/c100088/202001/8a2f0dc747604ff9879f729bf95edf48.shtml,active,XI HONG HUA,HERB005826,/Detail/?v=HERB005826&label=Herb,XI HONG HUA,西红花,Saffron,Stigma Croci,exact_chinese
MFH0091,草果,草果,草果,CAO GUO,2019_spice_only,2019,2019年第8号,仅作为香辛料和调味品使用,https://www.nhc.gov.cn/sps/c100088/202001/8a2f0dc747604ff9879f729bf95edf48.shtml,active,CAO GUO,HERB000594,/Detail/?v=HERB000594&label=Herb,CAO GUO,草果,Tsaoko,Fructus tsaoko,exact_chinese
MFH0092,姜黄,姜黄,姜黄,JIANG HUANG,2019_spice_only,2019,2019年第8号,仅作为香辛料和调味品使用,https://www.nhc.gov.cn/sps/c100088/202001/8a2f0dc747604ff9879f729bf95edf48.shtml,active,JIANG HUANG,HERB002840,/Detail/?v=HERB002840&label=Herb,JIANG HUANG,姜黄,rhizome of Common Turmeric,Rhizoma Curcumae longae,exact_chinese
MFH0093,荜茇,荜茇,荜茇,BI BA,2019_spice_only,2019,2019年第8号,仅作为香辛料和调味品使用,https://www.nhc.gov.cn/sps/c100088/202001/8a2f0dc747604ff9879f729bf95edf48.shtml,active,BI BA,HERB000415,/Detail/?v=HERB000415&label=Herb,BI BA,荜茇,Piperis Longi Fructus,NA,exact_chinese
MFH0094,党参,党参,党参,DANG SHEN,2023_added,2023,2023年第9号,,https://www.nhc.gov.cn/wjw/c100175/202311/59e03b384f9a4d0b9623e19b813f6cc4.shtml,active,DANG SHEN,HERB001211,/Detail/?v=HERB001211&label=Herb,DANG SHEN,党参,root Pilose Asiabell,Radix Codonopsis pilosulae,exact_chinese
MFH0095,肉苁蓉（荒漠）,肉苁蓉,肉苁蓉;荒漠;荒漠肉苁蓉,ROU CONG RONG;HUANG MO;HUANG MO ROU CONG RONG,2023_added,2023,2023年第9号,,https://www.nhc.gov.cn/wjw/c100175/202311/59e03b384f9a4d0b9623e19b813f6cc4.shtml,active,ROU CONG RONG,HERB004692,/Detail/?v=HERB004692&label=Herb,ROU CONG RONG,肉苁蓉,Desertliving Cistanche,Herba Cistanches,exact_chinese
MFH0096,铁皮石斛,铁皮石斛,铁皮石斛,TIE PI SHI HU,2023_added,2023,2023年第9号,,https://www.nhc.gov.cn/wjw/c100175/202311/59e03b384f9a4d0b9623e19b813f6cc4.shtml,active,TIE PI SHI HU,HERB005502,/Detail/?v=HERB005502&label=Herb,TIE PI SHI HU,铁皮石斛,Iron-sheet Denrdobium,Dendrobium officinale,exact_chinese
MFH0097,西洋参,西洋参,西洋参,XI YANG SHEN,2023_added,2023,2023年第9号,,https://www.nhc.gov.cn/wjw/c100175/202311/59e03b384f9a4d0b9623e19b813f6cc4.shtml,active,XI YANG SHEN,HERB005900,/Detail/?v=HERB005900&label=Herb,XI YANG SHEN,西洋参,American Ginseng,Radix Pacis quinquefolii,exact_chinese
MFH0098,黄芪,黄芪,黄芪,HUANG QI,2023_added,2023,2023年第9号,,https://www.nhc.gov.cn/wjw/c100175/202311/59e03b384f9a4d0b9623e19b813f6cc4.shtml,active,HUANG QI,HERB002560,/Detail/?v=HERB002560&label=Herb,HUANG QI,黄芪,root of Membranous Milkvetch,Radix Astragali,exact_chinese
MFH0099,灵芝,灵芝,灵芝,LING ZHI,2023_added,2023,2023年第9号,,https://www.nhc.gov.cn/wjw/c100175/202311/59e03b384f9a4d0b9623e19b813f6cc4.shtml,active,LING ZHI,HERB003444,/Detail/?v=HERB003444&label=Herb,LING ZHI,灵芝,Lucid Ganoderma,Ganoderma Lucidum seu Japonicum,exact_chinese
MFH0100,山茱萸,山茱萸,山茱萸,SHAN ZHU YU,2023_added,2023,2023年第9号,,https://www.nhc.gov.cn/wjw/c100175/202311/59e03b384f9a4d0b9623e19b813f6cc4.shtml,active,SHAN ZHU YU,HERB004950,/Detail/?v=HERB004950&label=Herb,SHAN ZHU YU,山茱萸,Asiatic Cornelian Cherry Fruit,Fructus Corni,exact_chinese
MFH0101,天麻,天麻,天麻,TIAN MA,2023_added,2023,2023年第9号,,https://www.nhc.gov.cn/wjw/c100175/202311/59e03b384f9a4d0b9623e19b813f6cc4.shtml,active,TIAN MA,HERB005451,/Detail/?v=HERB005451&label=Herb,TIAN MA,天麻,Tall Gastrodia,Gastrodia elata,exact_chinese
MFH0102,杜仲叶,杜仲叶,杜仲叶,DU ZHONG YE,2023_added,2023,2023年第9号,,https://www.nhc.gov.cn/wjw/c100175/202311/59e03b384f9a4d0b9623e19b813f6cc4.shtml,active,DU ZHONG YE,HERB001410,/Detail/?v=HERB001410&label=Herb,DU ZHONG YE,杜仲叶,Eucommiae Folium,NA,exact_chinese
MFH0103,地黄,地黄,地黄,DI HUANG,2024_added,2024,2024年第4号,,https://www.nhc.gov.cn/sps/c100088/202408/53150d0918ec40899b5293147ec0dd01.shtml,active,DI HUANG,HERB001251,/Detail/?v=HERB001251&label=Herb,DI HUANG,地黄,Radix Rehmanniae,NA,exact_chinese
MFH0104,麦冬,麦冬,麦冬,MAI DONG,2024_added,2024,2024年第4号,,https://www.nhc.gov.cn/sps/c100088/202408/53150d0918ec40899b5293147ec0dd01.shtml,active,MAI DONG,HERB003708,/Detail/?v=HERB003708&label=Herb,MAI DONG,麦冬,Liriope Equivalent plant: Liriope spicata var prol,Ophiopogon japonicus,exact_chinese
MFH0105,天冬,天冬,天冬,TIAN DONG,2024_added,2024,2024年第4号,,https://www.nhc.gov.cn/sps/c100088/202408/53150d0918ec40899b5293147ec0dd01.shtml,active,TIAN DONG,HERB005434,/Detail/?v=HERB005434&label=Herb,TIAN DONG,天冬,Cochinchinese Asparagus Root,Radix Asparagi,exact_chinese
MFH0106,化橘红,化橘红,化橘红,HUA JU HONG,2024_added,2024,2024年第4号,,https://www.nhc.gov.cn/sps/c100088/202408/53150d0918ec40899b5293147ec0dd01.shtml,active,HUA JU HONG,HERB002428,/Detail/?v=HERB002428&label=Herb,HUA JU HONG,化橘红,Pummelo Peel,Exocarpium Citri grandis,exact_chinese
